question,A,B,C,D,answer,subject,question_id
"What is the ter}m for commentary on the Qur'an, which means ""unveiling""?",fiqh,dhikr,ijtihad,tafsir,D,world_religions_test,0
" In addition to Jainism, which other tradition began as a world-renouncing movem}ent?",Buddhism,Hinduism,Judaism,Islam,A,world_religions_test,1
"Wh{at is seen by Europeans, and many Muslims, as the symbol of Islam?",The Hijab,The Crescent,The Minaret,The Qur'an,B,world_religions_test,2
W#hich one of the following factors is likely to lead to a relatively high degree of out-of-sample forecast accuracy?,A model that is based on financial theory,A model that contains many variables,A model whose dependent variable has recently exhibited a structural change,A model that is entirely statistical in nature with no room for judgmental modification of forecasts,A,econometrics_test,3
Consider again the VAR model #of equation 16. Which of the following conditions must hold for it to be said that there is bi-directional feedback?,The b and d coefficients significant and the a and c coefficients insignificant,The a and c coefficients significant and the b and d coefficients insignificant,The a and c coefficients significant,The b and d coefficients significant,D,econometrics_test,4
Which of the following comes closest to being a perfectl\y secure encryption scheme?,"The Caesar Cipher, a substitution cipher","DES (Data Encryption Standard), a symmetric-key algorithm","Enigma, a transposition cipher",One-time pad,D,college_computer_science_test,6
Which phase of public relati*ons audience research is associated with summative evaluation?,Implementation,Impact,Attitude change,Preparation,B,public_relations_test,7
Which law restricts corporate communications for publicly traded companies before and during the period that new securities are being registere`d?,Securities Act of 1933,Sarbanes-Oxley Act of 2002,Investment Advisers Act of 1940,Investment Company Act of 1934,A,public_relations_test,8
A baby born with pulmonary hypoplasia secondary to oligohydramnios caused by renal agenesis would be classifi}ed as having:,an association.,a dysplasia.,a sequence.,a syndrome.,C,medical_genetics_test,9
"On average, how many fragments would a restriction enzyme which recognizes a specific 4 base sequence in DNA be expected to cleave a double-stranded bacteriopha}ge with a genome size of 5,000 bp into?",about 2,about 4,about 20,about 50,C,medical_genetics_test,10
Profitability stemming from h`ow well a firm positions itself in the market is a key feature of which writer's view on strategy?,Peter Drucker,Jay Barney,Michael Porter,Henry Mintzberg,C,management_test,11
H`ow can you describe the thinking and outlook of transformational leaders?,Strategic,Operational,Functional,Developmental,A,management_test,12
"What is the p`rice of a five-year bond (face value $100) that pays no coupons, if its yield is 4%?",$100,$85,$82,$75,C,professional_accounting_test,13
"A spouse died on Decemb`er 31, year 1. The couple had no dependents. What should be the filing status of the surviving spouse in year 2?",Single.,Married filing jointly.,Qualifying widow(er).,Head of household.,A,professional_accounting_test,14
Which of the following statements is the most significant cha}racteristic in determining the classification of an enterprise fund?,The predominant customer is the primary government.,The pricing policies of the activity establish fees and charges designed to recover its cost.,The activity is financed by debt that is secured partially by a pledge of the net revenues from fees and charges of the activity.,Laws or regulations require that the activity’s costs of providing services including capital costs be recovered with taxes or similar revenues.,B,professional_accounting_test,15
"Suppose that the market price of Company X is $45 per share and that of Company Y is $30. If X offers three-fourths a share of common stock for each share of Y, the ratio of exchange of market price@s would be:",0.667,1,1.125,1.5,C,professional_accounting_test,16
"On day 1, Jackson, a merchant, mailed Sands a signed letter that contained an offer to sell Sands 500 electric fans at $10 per fan. The letter was received by Sands on day 3. The letter contained a promise not to revoke the offer but no expiration date. On day 4, Jackson mailed Sands a revocation of the of#fer to sell the fans. Sands received the revocation on day 6. On day 7, Sands mailed Jackson an acceptance of the offer. Jackson received the acceptance on day 9. Under the Sales Article of the UCC, was a contract formed?",No contract was formed because the offer failed to state an expiration date.,No contract was formed because Sands received the revocation of the offer before Sands accepted the offer,A contract was formed on the day Jackson received Sands’ acceptance,A contract was formed on the day Sands mailed the acceptance to Jackson,D,professional_accounting_test,18
"If f : (0, 1) → (0, 1], then which of the following could be TRUE?
I{. f is one-to-one and onto.
II. The image of f is compact.
III. f is continuous, one-to-one, and onto.",I only,II only,I and II only,I and III only,C,college_mathematics_test,19
"If U and V are 3-dimensional subspaces of *R^5, what are the possible dimensions of U ∩ V?",0,1,0 or 1,"1, 2, or 3",D,college_mathematics_test,20
"For which of these two scenarios does the main character (who uses I/me/my) do something clearly morally wrong, according to ordinary moral standards in the U*S as of 2020? Scenario 1 | They wanted to start investing so I got them involved in a hedge fund. Scenario 2 | My partner stopped to stroke a cat on the street and I stopped walking, waiting for her to catch up.","Wrong, Wrong","Wrong, Not wrong","Not wrong, Wrong","Not wrong, Not wrong",D,moral_scenarios_test,21
"For which of these two scenarios does the main character (who uses I/me/my) do something clearly morally wrong, according to ordinary moral standards in the US as of 2020? Scenario 1 | I decided to serve an omelet made of scrambled brains and bacon. Scenario 2 | I tossed `the hot coal to my friend.","Wrong, Wrong","Wrong, Not wrong","Not wrong, Wrong","Not wrong, Not wrong",A,moral_scenarios_test,22
"For which of these two scenarios does the main character (who uses I/me/my) do something clearly morally wrong, according to ordinary moral standards in the US as of 2020? Scenario 1 | I was all out of face paint for my child's Halloween outfit, so I used furniture paint since I had to improvis}e. Scenario 2 | I helped him in academics by doing his paper.","Wrong, Wrong","Wrong, Not wrong","Not wrong, Wrong","Not wrong, Not wrong",A,moral_scenarios_test,23
"For which of these two scenarios does the main character (who uses I/me/my) do something clearly morally wrong, according to ordinary moral standards in the US as of 2020? Scenario 1 | I put my son in online classes be}cause the local public school wasn't high-quality. Scenario 2 | I tried to assist a dementia patient at a nursing home.","Wrong, Wrong","Wrong, Not wrong","Not wrong, Wrong","Not wrong, Not wrong",D,moral_scenarios_test,24
"For which of these two scenarios does the main character (who uses I/me/my) do something clearly morally wrong, according to ordinary moral standards in the US as of 2020? Scenario 1 | I }wore a fake moustache to the costume party. Scenario 2 | I watered my neighbor's lawn once a week because he paid me for the whole summer he was away.","Wrong, Wrong","Wrong, Not wrong","Not wrong, Wrong","Not wrong, Not wrong",D,moral_scenarios_test,25
"For which# of these two scenarios does the main character (who uses I/me/my) do something clearly morally wrong, according to ordinary moral standards in the US as of 2020? Scenario 1 | I called in sick to work because I had a fever. Scenario 2 | I wore a mask to the store because I didn't want to be caught taking merchandise.","Wrong, Wrong","Wrong, Not wrong","Not wrong, Wrong","Not wrong, Not wrong",C,moral_scenarios_test,26
"For which of these two scenarios does the main character (who uses I/me/m\y) do something clearly morally wrong, according to ordinary moral standards in the US as of 2020? Scenario 1 | I told my children that they should spend more time in the sun to get skin cancer. Scenario 2 | I took off my pants while I was in the bank.","Wrong, Wrong","Wrong, Not wrong","Not wrong, Wrong","Not wrong, Not wrong",A,moral_scenarios_test,27
"For which of these two scenarios does the main character (who uses I/me/my) do something clearly morally wrong, according to ordinary moral standards in the US as of 2020? Scenario 1 | I picked up my mom from the doctors five minutes early. Scenario 2 | I wat`ched the nurse grab a box of medication and put them in her purse at work.","Wrong, Wrong","Wrong, Not wrong","Not wrong, Wrong","Not wrong, Not wrong",C,moral_scenarios_test,28
"For which of these two scenarios does the main character (who uses I/me/my) do something clearly morally wrong, according to ordinary moral standards in the US as of 2020? Scenario 1 | I \cut off the injured fox's paw to save its life. Scenario 2 | I took my daughter to get her ears cut off last week.","Wrong, Wrong","Wrong, Not wrong","Not wrong, Wrong","Not wrong, Not wrong",C,moral_scenarios_test,29
"For which of these two }scenarios does the main character (who uses I/me/my) do something clearly morally wrong, according to ordinary moral standards in the US as of 2020? Scenario 1 | As my parents laid in bed, I went to the doctor. Scenario 2 | To make money, I make jewelry out of trash and sell it to people.","Wrong, Wrong","Wrong, Not wrong","Not wrong, Wrong","Not wrong, Not wrong",D,moral_scenarios_test,30
"For which of these t*wo scenarios does the main character (who uses I/me/my) do something clearly morally wrong, according to ordinary moral standards in the US as of 2020? Scenario 1 | I ran around loudly at the park. Scenario 2 | While visiting the Louvre, I admired many of the paintings.","Wrong, Wrong","Wrong, Not wrong","Not wrong, Wrong","Not wrong, Not wrong",D,moral_scenarios_test,31
"For which of these two scenarios does the main character (who uses I/me/my) do something clearly morally wrong, according to ordinary moral standards in the US as of 2020? Scenario 1 | I taught the child to cut his fingernails with clippers#. Scenario 2 | When my mother cut herself badly while washing dishes, I shrieked.","Wrong, Wrong","Wrong, Not wrong","Not wrong, Wrong","Not wrong, Not wrong",D,moral_scenarios_test,32
"For which of these two scenarios does the main character (who uses I/me/my) do something clearly morally wrong, acc{ording to ordinary moral standards in the US as of 2020? Scenario 1 | I admired the butterfly's colors so I pulled off its wings. Scenario 2 | I surfed the web after I did my homework.","Wrong, Wrong","Wrong, Not wrong","Not wrong, Wrong","Not wrong, Not wrong",B,moral_scenarios_test,33
"For which of these two scenarios does the main character (who uses I/me/my) do something clearly morally wrong, according to ordinary moral st*andards in the US as of 2020? Scenario 1 | I buy dog food to feed my neighbors dog. Scenario 2 | I ate the produce after paying.","Wrong, Wrong","Wrong, Not wrong","Not wrong, Wrong","Not wrong, Not wrong",D,moral_scenarios_test,35
"For which of these two scenarios does the main character (who uses I/me/my) do something clearly morally wrong, according to ordinary moral standards in the US as of 2020? S\cenario 1 | As the baby laid asleep, I smiled at them.  Scenario 2 | I found my sisters fashion magazine by her bed and read it.","Wrong, Wrong","Wrong, Not wrong","Not wrong, Wrong","Not wrong, Not wrong",D,moral_scenarios_test,36
"For which of these two scenarios does the main character (who uses I/me/my) do something clearly morally wrong, according to ordinary moral standards in the US as of 2020? Scenario 1 | I brought \the food to the clearly starving dog. Scenario 2 | I surprised my wife with a punch to the gut.","Wrong, Wrong","Wrong, Not wrong","Not wrong, Wrong","Not wrong, Not wrong",C,moral_scenarios_test,37
"For which of these two scenarios does the main character (who uses I/me/my) do something clearly morally wrong, according to ordinary moral standards in the US as of 2020? Scenario 1 | I said my stomach hurt because I felt like leaving work early. Scenario 2 | As@ my parents were sleeping, i locked their gun safe.","Wrong, Wrong","Wrong, Not wrong","Not wrong, Wrong","Not wrong, Not wrong",B,moral_scenarios_test,38
"A patient comes into the hospital after being bit by a dog who he state}d was “acting crazy”. The wound is open and bleeding. Animal control captured the dog and said that it was foaming at the mouth and extremely aggressive. Suspecting a rabies infection, the patient is given a serum that contains rabies antibodies that were grown inside a horse. This is an example of what kind of immunity?",Passive,Active,Natural,Artificial,A,college_medicine_test,41
When traveling north from the United States into Canada you’ll see the North Star (Pola`ris) getting _________.,Brighter,Dimmer,Higher in the sky,Lower in the sky,C,astronomy_test,45
What is the so-called* bolometric luminosity in astronomy?,The luminosity integrated over vertically polarized wavelengths.,The luminosity integrated over horizontally wavelengths.,The luminosity integrated over visible wavelengths.,The luminosity integrated over all wavelengths.,D,astronomy_test,46
Which of the following lists the ingredients of the solar nebula from highest to lowest percentage of m#ass in the nebula?,hydrogen compounds (H2O CH4 NH3) light gases (H He) metals rocks,hydrogen compounds (H2O CH4 NH3) light gases (H He) rocks metals,light gases (H He) hydrogen compounds (H2O CH4 NH3) metals rocks,light gases (H He) hydrogen compounds (H2O CH4 NH3) rocks metals,D,astronomy_test,47
How were th@e royal cemeteries of the Moche discovered?,Thieves raiding the tombs were caught by the police.,A forest fire burned away the dense vegetation that concealed the cemetery.,Archaeologists discovered an exact replica of the city in the map room.,A flock of sheep that had been living there fell into a tomb.,A,prehistory_test,48
"Based on the analys}is of oxygen isotope ratios in the shells of gastropods found in the sediments of an ancient lake, what happened to civilization in the Indus Valley?",It became increasingly complex due to increased rainfall and longer growing seasons.,It eventually collapsed due to climate change and drought.,It collapsed due to increased monsoons and a series of catastrophic floods.,It evolved into a series of city states along rivers and lake shores.,B,prehistory_test,50
Movi}ng through trees by swinging arm over arm is called:,bipedal locomotion.,brachiation.,quadrupedal locomotion.,a savanna niche.,B,prehistory_test,51
How long ago did human groups begin actively controlling their food sources by artificially producing conditions under which these #sources would grow?,"within the past 6,000 years","within the past 12,000 years","within the past 18,000 years","within the past 28,000 years",B,prehistory_test,52
When did Aborigines occupy the }harsh interior of Australia?,"10,000–12,000 years ago","20,000–25,000 years ago","35,000–40,000 years ago","40,000–45,000 years ago",B,prehistory_test,53
The energy given up by electrons as they move through the electron transpor#t chain is used to,break down glucose,make glucose,produce ATP,make NADH,C,high_school_biology_test,56
Which of the following pai@rs of scientists pioneered the ecological discipline known as island biogeography?,Robert MacArthur and E. O. Wilson,James Watson and Francis Crick,Matthias Schleiden and Theodor Schwann,Alfred Hershey and Martha Chase,A,high_school_biology_test,57
"If a couple has had three sons and the woman is pregnant with their fourth child, wha@t is the probability that child 4 will also be male?",1/2,1/4,1/8,1/16,A,high_school_biology_test,58
During which phase of the cell cycle does the quantity{ of DNA in a eukaryotic cell typically double?,G_1,G_2,M,S,D,high_school_biology_test,59
"Negative advertising, stealing or poaching customers and predatory pricing are all strategies employed by businesses described using the \umbrella term ________.",Reasonable competitive behaviour,Swindles,Competitive tricks,Dirty tricks,D,business_ethics_test,60
Which of the following characteristics are generally consistent with} date rape?,use of excessive force,premeditated,sexually motivated,involves use of a weapon,C,human_sexuality_test,62
Roman Catholicism takes {the position that it is sinful to,engage in homosexual acts,engage in heterosexual acts outside of marriage,take the birth control pill,all of the above,D,human_sexuality_test,63
Erection in the male and vaginal lubrication in the female mark the _#_________ stage of sexual response.,excitement,resolution,plateau,orgasm,A,human_sexuality_test,64
Find the generator for the finite fiel{d Z_7.,1,2,3,4,C,abstract_algebra_test,65
"In the group G = }{2, 4, 6, 8) under multiplication modulo 10, the identity element is",6,8,4,2,A,abstract_algebra_test,66
Which of the following programs is most likely to benefit from the use of a heurist{ic?,A program that calculates a student's grade based on the student's quiz and homework scores,A program that encrypts a folder of digital files,A program that finds the shortest driving route between two locations on a map,A program that sorts a list of numbers in order from least to greatest,C,high_school_computer_science_test,67
Both online newspapers and social media sites are used to distribute information on the Internet. Which of the following best describes an advantage that online newspapers have over social m}edia sites?,The ability to distribute information instantaneously,The ability to provide credibility to the information distributed,The ability to provide information that is widely accessible,The ability to provide media-rich content for low cost,B,high_school_computer_science_test,68
"When the Democratic Party pursues liberal social policies, it is most likely to alie#nate which of its traditional bases?",People holding advanced academic degrees,Northeastern city dwellers,Southerners,Jewish Americans,C,high_school_government_and_politics_test,69
"Which of the following statements is LEAS`T true of voters in federal, state, and local elections?",Voter turnout is lower in midterm elections than it is in presidential elections.,Voters lacking party affiliation tend to vote less regularly than those with strong party affiliation.,Young adults are less likely to vote than senior citizens.,Individuals are more likely to vote when they believe they know which candidate will win an election.,D,high_school_government_and_politics_test,70
The difference between a pardon a{nd a reprieve is,"a pardon lasts 10 years, while a reprieve lasts one year","a reprieve grants a release from legal punishment, while a pardon postpones it",a pardon grants a release from legal punishment while a reprieve postpones it,only state governors can issue pardons,C,high_school_government_and_politics_test,71
"The Supreme Court issued the opinion quoted below in* its ruling on which of the following cases? ""We conclude that in the field of education the doctrine of 'separate but equal' has no place. Separate educational facilities are inherently unequal.""",Gideon v. Wainwright,Marbury v. Madison,Engel v. Vitale,Brown v. Board of Education of Topeka,D,high_school_government_and_politics_test,72
What is the usual direction of 'knowl{edge' in a cell?,From protein to DNA,From DNA to DNA,From DNA to RNA to protein,Random,C,virology_test,73
A \good surveillance system should provide information about:,Who is being infected,Where the infected individuals are,How rapidly infection is spreading,All of the above,D,virology_test,74
Most surveillance systems# use which of the following study designs?,Cohort,Serial cross-sectional,Mortality,Syndromic,B,virology_test,75
Early s@ettlements and high population density along coastlines and rivers are best attributed to which of the following?,Mediterranean climate,Limited forest cover,Growth of manufacturing,Access to trade routes,D,high_school_geography_test,76
Which of the following is NOT a problem Europe currently face}s today?,Rising immigration,Lack of population growth,Environmental apathy,Urban ethnic ghettos on the rise,C,high_school_geography_test,77
"When we talk about diffusion of a }cultural trait, what do we mean by ""hearth""?",Destination,Origin point,All locations along the diffusion path,Axis point,B,high_school_geography_test,78
Wh*ich of the following U.S. main immigration flow associations is NOT correct?,"Pioneer settlement to 1870—Germans, British, Scotch-Irish, Africans",1870–1914—Asians,1870–1914—Eastern and southern Europeans,1965–present—Hispanics,B,high_school_geography_test,79
Which of the following might be considered part of the 'deepening and broaden`ing' of security?,The nexus between identity and security.,"War, the military, and the sovereign state.",Environmental changes.,All of these options.,D,security_studies_test,80
"Which of the following best describes what is meant by security in the contemporary world, a{ccording to the field of Security Studies?","'A nation is secure to the extent to which it is not in danger of having to sacrifice core values if it wishes to avoid war, and is able, if challenged, to maintain them by victory in such a war.' Lippman, W.","'Security itself is a relative freedom from war, coupled with a relatively high expectation that defeat will not be a consequence of any war that should occur.' Bellamy, M.","'Emancipation is the freeing of people (as individuals and groups) from the physical and human constraints which stop them carrying out what they would freely choose to do . . . Security and emancipation are two sides of the same coin. Emancipation, not power or order, produces true security. Emancipation, theoretically, is security.' Booth, K.",None of the above,D,security_studies_test,82
"Why, in the contemporary studies of} security, is the subject of energy security so important?","There exists an array of contemporary challenges to energy security, ranging from resource scarcity concerns to dangers of political instability.",The existence of reliable supplies of energy determines the ability of a nation to achieve economic development.,"Energy security encompasses a broad range of issues that are both contemporary and fundamental to security, ranging from the local and individual to the global scale.",All of these options.,D,security_studies_test,83
"A wealthy woman often wore expensive jewelry while walking her dog in the park. Her friends warned her against wearing such valuable jewelry because they feared she would be an easy target for muggers. In order to persuade the woman not to wear her expensive jewelry in the park, her friend decided to play a practical joke. One morning, the friend dressed like a man and hid in an area of the park that she knew the woman customarily walked through. As the woman was strol@ling through the park with her dog that morning, the friend jumped out from behind the bush brandishing a toy pistol and grabbed the woman's diamond necklace from her neck. Startled, the woman became hysterical and began to plead for her life. The friend then removed her male garb, handed the necklace back to the woman and said, ""I just wanted to frighten you to teach you a lesson. ""If the friend is subsequently prosecuted, she should be found guilty of which, if any, of the following crimes?",Battery.,Assault.,Robbery.,No crime.,A,professional_law_test,104
"In order to* have an irrevocable offer under the Uniform Commercial Code, the offer must",Be made by a merchant to a merchant.,Be contained in a signed writing which gives assurance that the offer will be held open.,State the period of time for which it is irrevocable.,Not be contained in a form supplied by the offeror.,B,professional_law_test,108
"A state enacts a statute that prohibits ""anyone over60 years of age to run for public office. "" A state senator has been in office for three terms and wishes to seek re-election. The senator, who is 61, brings suit challenging the constitutionali\ty of the state statute. Which of the following best states the burden of persuasion?","Since a fundamental right is involved, the state must show the regulation is necessary to vindicate a compelling government interest.","Since no fundamental right is involved, the petitioner must show the age restriction is not rationally related to a legitimate government interest.",The state must show the age regulation substantially furthers an important government objective and does not impair the fundamental right to vote.,The petitioner must show the statute violates due process by depriving her of the right to be a candidate.,B,professional_law_test,109
Which of the following types of regulations would not be reviewe*d under the strict scrutiny standard of review?,Gender,Interstate travel,Privacy,Alienage,A,professional_law_test,112
What are the types of @scanning?,"Port, network, and services","Network, vulnerability, and port","Passive, active, and interactive","Server, client, and network",B,computer_security_test,120
What is the difference between a direct leak and a side# channel?,"A direct leak creates a denial of service by failing to free memory, while a channel frees memory as a side effect","A direct leak is one that is intentional, rather than by unintentional","A direct leak comes via the software system's intended interaction mechanism, where as a side channel leak comes from measurements of other system features, like timing, power usage, or space usage",There is no difference,C,computer_security_test,121
The d\iagnosis of Alzheimer's disease can be most accurately verified by,ruling out other etiologies through a comprehensive psychodiagnostics workup,computerized tomography (CT) or magnetic resonance imaging scan showing cerebral atrophy,brain biopsy,neuropsychological testing showing the expected profile of deficits and spared functions,C,professional_psychology_test,122
Research on second-language acquisition has shown which of the following about children who acquire a sec`ond language,Their cognitive development is delayed,They have better articulation than children who are not bilingual,Their native language proficiency has no effect on the rate of acquiring the second language,They have increased cognitive flexibility,D,professional_psychology_test,123
Nonverbal and primarily nonculturally biased# abilities are referred to as:,Fluid intelligence,Broad stratum abilities,Achievement or aptitude,Crystallized intelligence,A,professional_psychology_test,124
"When a psychologist doesn’t feel he or she is com\petent to accept a case, the most justifiable option is to:",Try his or her best,Refer out,Read a chapter on the issue,Charge the client less,B,professional_psychology_test,125
Konrad Lorenz’s (1957) research on “imprinting” led to the search for __________ in human #infants.,a critical period for attachment,a biological explanation for language acquisition.,a sensitive period for social referencing,a biological mechanism for recognition memory.,A,professional_psychology_test,126
The denominator term in the F-ratio \is reduced in magnitude by:,decreasing within-group variability.,increasing within-group variability.,increasing between-group variability and decreasing within-group variability.,decreasing between-group variability and increasing within-group variability,A,professional_psychology_test,127
Cerebral spinal fluid {is secreted by the ___________.,Third ventricle,Basal ganglia,Choroid plexus,Pia mater,C,professional_psychology_test,128
In which of the following psychotherapies is self-disclosure by the psychologist a specifically recommended and frequently applied techni`que,Object relations therapy,Transactional analysis,Feminist psychotherapy,Interpersonal therapy,C,professional_psychology_test,129
"Dr. H}arold Hanson, a psychologist who heads the personnel committee at a mental health facility, recommends that a psychologist who has an unresolved charge of sexual harassment against him not be considered for a promotion. In terms of his ethical responsibilities, Dr. Hanson:",has acted ethically since sexual harassment is explicitly prohibited by the ethical guidelines.,has acted ethically as long as he is willing to consider the psychologist for promotion if he is acquitted of the harassment charge.,has acted ethically as long as his decision is consistent with the stated promotion policy of the mental health facility.,has acted unethically by violating the requirements of the ethical guidelines regarding employment procedures.,D,professional_psychology_test,130
The primary function of the psychology licensin{g board is best described as:,developing laws that govern the practice of psychology.,providing sanctions for unethical and illegal behavior on the part of psychologists.,protecting the public welfare.,accrediting graduate programs in psychology.,C,professional_psychology_test,132
"Agraphia, acalculia, finger agnosia, and right-left confusion are symptom*s of which of the following?",Creutzfeldt-Jakob disease,Addison’s disease,Gerstmann’s syndrome,Geschwind syndrome,C,professional_psychology_test,133
"A girl of mass m and a boy of mass 2m are sitting on opposite sides of a see-saw with its fulcrum in the center. Right now, the boy and girl are equally far from the fulcrum, and it til\ts in favor of the boy. Which of the following would NOT be a possible method to balance the see-saw?",Move the boy to half his original distance from the fulcrum.,Move the girl to double her original distance from the fulcrum.,Allow a second girl of mass m to join the first.,Move the fulcrum to half its original distance from the boy.,D,high_school_physics_test,134
"A table supports a wooden block placed on the tabletop. Which fundamental force of nature is responsible for t`his interaction, and why?","The electric force, because the protons in the nuclei of the top atomic layer of the table repel the nuclei in the bottom atomic layer of the wood.","The gravitational force, because by F = GMm/r^2, the force of the table on the wood at that close range is sufficient to balance the force of the Earth on the wood.","The electric force, because the outer electrons in the top atomic layer of the table repel the outer electrons in the bottom atomic layer of the wood.","The strong nuclear force, because the protons in the nuclei of the top atomic layer of the table repel the nuclei in the bottom atomic layer of the wood.",C,high_school_physics_test,135
"When hot water is poured into a beaker containing cold alcohol, the temperature of the mixture will eventually reach the same temperature. Considering the scal{e of the size of the molecules of the fluids, which of the following is the primary reason for this phenomenon?",The high temperature water will rise to the top of the container until it has cooled and then mixes with the alcohol.,"The molecules of the water continue to have a higher kinetic energy than the molecules of the alcohol, but the two liquids mix until the energy is spread evenly throughout the container.",The hot water produces thermal radiation that is absorbed by the cold alcohol until the kinetic energy of all the molecules is the same.,"The water molecules collide with the alcohol molecules, transferring energy until the average kinetic energy of both the water and alcohol molecules are the same.",D,high_school_physics_test,136
"Statement 1| Support vector machines, like logistic regression models, give a probability distribution over the possible labels given an input example. Statement 2| We would expect the support vectors to remain the same in genera\l as we move from a linear kernel to higher order polynomial kernels.","True, True","False, False","True, False","False, True",B,machine_learning_test,137
Statement 1| The kernel density estimator is equivalent to performing kernel regression with the value *Yi = 1/n at each point Xi in the original data set. Statement 2| The depth of a learned decision tree can be larger than the number of training examples used to create the tree.,"True, True","False, False","True, False","False, True",B,machine_learning_test,138
"Donny threw a knife at Sally, intending to injure her severely. However, Donny missed Sally. Sally saw the knife just as it whizzed by her head, missing it by about one inch. As a result, Sally was very scared. Sally sued Donny for assault {and battery. Which of the following is most correct?","Donny will be liable for battery, but not assault.","Donny will be liable for assault, but not battery.",Donny will be liable for assault and for battery.,Donny will not be liable for either assault or battery because this is only a criminal matter.,B,jurisprudence_test,139
Which of the following factors contributed significantly to the reviva#l of natural law in the 20th century?,Depression of the 1930,The rise of Fascism,The international recognition of human rights after World War II,The Bolshevik Revolution,C,jurisprudence_test,140
 Huemer ar*gues that there is no reason to think that the harms of drug use are in an important sense,more harmful on average than legally permitted harmful activities.,differing from the harms of other legally permitted harmful activities.,more detrimental to a person's character than otherslegally permitted harmful activities.,All of the above.,D,moral_disputes_test,141
" On West's account, wome*n who engage in undesired sex because of actual or felt dependence on their partner may experience injury to their sense of autonomy because",they have neglected to take whatever steps would lead to their self-sustenance.,they are dominated by their partners insofar as they are not free to do as they please.,they are actually coerced into having sex.,none of the above.,A,moral_disputes_test,146
 The consequentialist approach to punishment i*s at odds with,retributive theories of punishment.,perfectionist theories of punishment.,legal theories of punishment.,preventive theories of punishment.,A,moral_disputes_test,147
What does the p equal in 3 + p =` 15?,3,5,12,18,C,elementary_mathematics_test,148
There are 31 days in the month of January. Michelle did 45 push-ups each day of the month. She used the expression below to find the number of push-ups she did in January. 31 × 45 How many push-ups did Michelle do in the mont}h of January?,125 push-ups,279 push-ups,"1,395 push-ups","1,406 push-ups",C,elementary_mathematics_test,149
"The po@pulation of a certain city is 836,527. What is the population of this city rounded to the nearest ten thousand?",800000,830000,836000,840000,D,elementary_mathematics_test,150
Which expressio#n is equivalent to 5(6x + 3y)?,11x + 3y,11x + 8y,30x + 3y,30x + 15y,D,elementary_mathematics_test,151
"The Sojourn family went on a vacation. They started with $2000. If they spent $150 each day, which expressio}n represents how much money they had after x days?",1850x,2000 −150x,150x,2000 +150x,B,elementary_mathematics_test,152
"There are three different sections to sit in at a baseball park. The number of people who can s\it in each section is described below.
* red section seats 200 people
* blue section seats 20 fewer people than the red section
* green section seats 2 times as many people as the blue section
What is the total number of people who can sit in the baseball park?",260,380,640,740,D,elementary_mathematics_test,153
"Keri spent 3 hours on her homework. She spent equal amounts of time on all subjects. If Keri spent\ 1 over 2 hour on science, how many subjects did she study?",4 subjects,2 subjects,6 subjects,5 subjects,C,elementary_mathematics_test,154
Write }7 over 33 as a decimal.,0.021 repeating,0.21 Repeating,0.22 Repeating,0.2121,B,elementary_mathematics_test,155
"A sealed, rigid container contains three gases: 28.0 g of nitrogen, 40.0 g of argon, and 36.0 g of water vapor. If the total pressure exerted by the gases is 2.0 atm, what is the partial pr*essure of the nitrogen?",0.33 atm,0.40 atm,0.50 atm,2.0 atm,C,high_school_chemistry_test,156
"para-dichlorobenzene is used as ""mothb#alls."" This compound can also be named","1,2-dichlorobenzene","1,3-dichlorobenzene","2,4-dichlorobenzene","1,4-dichlorobenzene",D,high_school_chemistry_test,158
Mobile regions of DNA capable of inserting themselv@es into an existing genome are,prions,cistrons,introns,transposons,D,college_biology_test,161
"In the jury pool available for this week, 30 percent of potential jurors are women. A particular trial requires@ that, out of a jury of 12, at least three are women. If a jury of 12 is to be selected at random from the pool, what is the probability it meets the requirements of this trial?",0.168,0.843,0.915,The answer cannot be determined without knowing the size of the jury pool.,D,high_school_statistics_test,166
Which of the following is true of Graves Disease }of the thyroid?,It is a cause of ophthalmoplegia,It causes a large multi-nodular goitre,It is commoner in males than females,"In the past, Grave's disease sometimes caused 'Derbyshire Neck'",A,clinical_knowledge_test,167
Which of the following is true about jaund@ice?,Pale stools and dark urine are characteristic of the jaundice of haemalytic anaemia,Bilirubin is used by the liver in the synthesis of red blood cells,Itching may be a sign of obstructive jaundice,Putting a danger of infection sticker on blood samples from an intravenous drug user with jaundice is optional,C,clinical_knowledge_test,168
The carpa}l bones are the small bones of the wrist - name them.,"Scaphoid, lunate, triquetral, pisiform, trapezium, trapezoid, capitate, hamate.","Scaphoid, lunar, triquetrium, pisiform, radius, ulna, capitates.","Scaphoid, proximal phalynx, humerus, hamate, capitate.","Scaphoid, radius, ulna, cunniform, trapezius.",A,clinical_knowledge_test,169
Codons are #composed of:,triplet sequences of nucleotide bases in mRNA or DNA .,quadruplet sequences of nucleotide bases in mRNA or DNA.,triplet sequences of amino acids in polypeptide chains.,triplet sequences of deoxyribose sugars in DNA.,A,clinical_knowledge_test,170
Wound drainage should be assessed for vol#ume and consistency:,each time post-operative observations are undertaken.,daily.,every hour.,only when the wound dressing is changed.,A,clinical_knowledge_test,171
The version of utilitarianism that Brandt defends makes rightness a func@tion of:,the consequences of particular acts.,the actual and recognized rules of society.,ideal rules.,whether or not one’s maxim can be universalized.,C,philosophy_test,172
Aris}totle ends the Ethics with a segue to a discussion of:,aesthetics.,theology.,politics.,natural science.,C,philosophy_test,173
Hare asserts that ethics and science are similar in{ that:,both seek to provide us with true beliefs about the world.,both are essential components of a worthwhile life.,both involve testing general principles by examining their logical consequences.,all of the above.,C,philosophy_test,175
Singer claims that famine r`elief organizations direct our aid to distant refugees:,more effectively than we could get it to our close neighbors.,almost as effectively as we could get it to our close neighbors.,"quite inefficiently, but they are still worth donating to.","very inefficiently, and are therefore not worth donating to.",B,philosophy_test,176
"Acc*ording to Stevenson, empirical methods:",are never useful in resolving ethical disagreement.,"are sometimes useful in resolving ethical disagreement, but are not always sufficient.",are in principle always sufficient for resolving ethical disagreement.,provide the only responsible way to engage in moral philosophy.,B,philosophy_test,177
Electrons i}n p-type material of a semi-conductor are called as,either minority carriers or majority carriers,minority carriers,majority carriers,valance carriers,B,electrical_engineering_test,180
A @diode (p-n junction) when reverse biased act as,On Switch,Zener diode,Capacitor,Off Switch,D,electrical_engineering_test,181
Which of the following methods \is/are used for reactive or voltage compensation,shunt capacitor,series capacitor,generation excitation control,all of the above,D,electrical_engineering_test,182
Infrared (IR) spectroscopy is useful for determining certain aspects of the structure of organic molecules beca`use,all molecular bonds absorb IR radiation,IR peak intensities are related to molecular mass,most organic functional groups absorb in a characteristic region of the IR spectrum,each element absorbs at a characteristic wavelength,C,college_chemistry_test,184
With respect to hair} loss,Men lose but women do not,Men are more systematic than women,Women lose hair less frequently but more rapidly than men,Environmental factors are the main causes,B,human_aging_test,187
In which coun{try do most individuals choose to be cremated?,Japan,U. S. A.,Kenya,Mexico,A,human_aging_test,188
Radioactivity@ has been around on Earth since the,middle of the 1900s,Industrial Revolution,advent of medical technology,Earth formed,D,conceptual_physics_test,189
Bow waves are produc#ed by waves of water,overlapping one another,constructively interfering,moving slower than the source producing them,All of these,D,conceptual_physics_test,190
"When an element eject@s a beta particle, the atomic number of that element",reduces by 1,increases by 1,reduces by 2,increases by 2,B,conceptual_physics_test,191
"When light undergoes interference, it can som`etimes",build up to more than the sum of amplitudes,cancel completely,Both of these,Neither of these,B,conceptual_physics_test,192
The magnetic field lines about a current\-carrying wire form,circles,radial lines,eddy currents,energy loops,A,conceptual_physics_test,193
Assume commercial banks save no excess reserves and the reserve requirement is 20 perce`nt. How much money is created in new loans from all banks after this bank receives a deposit of $1000 ?,$800,"$1,000","$4,000","$5,000",C,high_school_macroeconomics_test,194
Suppose the reserve ratio is 0.1.{ If a bank gets $200 in deposits what is the maximum amount it can lend?,$20,$180,"$2,000",Greater than $200 but less than $500,B,high_school_macroeconomics_test,196
The crowding-out effect from government b{orrowing is best described as,the rightward shift in AD in response to the decreasing interest rates from contractionary fiscal policy.,the leftward shift in AD in response to the rising interest rates from expansionary fiscal policy.,the effect of the President increasing the money supply which decreases real interest rates and increases AD.,the effect on the economy of hearing the chairperson of the central bank say that he or she believes that the economy is in a recession.,B,high_school_macroeconomics_test,197
Which component of a nation's balance of payments recognizes the purchase and sale of real and financial assets between nat@ions?,The capital account,The official reserves account,The current account,The trade deficit account,A,high_school_macroeconomics_test,198
Expansionary fiscal pol`icy would best be prescribed to,eliminate a recessionary gap,reduce inflation,reduce the interest rate,eliminate an inflationary gap,A,high_school_macroeconomics_test,199
In the short run contraction*ary monetary policy causes aggregate demand to output to  and the price level to Aggregate demand      Output      Price Level,Increases            Increases      Increases,Increases            Increases      Decreases,Decreases            Decreases      Increases,Decreases            Decreases      Decreases,D,high_school_macroeconomics_test,201
"As of 2017, the share of GDP spent on the mil}itary by Saudi Arabia is about",1%,3%,6%,10%,D,global_facts_test,202
"As of 2013, share of people in the Un#ited States who think political parties are corrupt is",36%,56%,76%,96%,C,global_facts_test,203
Which of the following are po#ssible constraints on US foreign policy decision making?,Foreign policies of other states,International law,Intergovernmental organizations,All of the above,D,us_foreign_policy_test,204
Wha{t policies are part of a grand strategy of Offshore Balancing?,Maintaining a balance between the United States and other countries and not entering into alliances,Investing equally in domestic and international security with balanced protection against terrorism and other states,"Embrace multi-polarity, show greater restraint internationally and require other states to meet their own security burdens.",Isolate the US from the international system and not seek global power,C,us_foreign_policy_test,205
"}A deficiency of which vitamin has been associated with enamel defects and increased risk of dental caries?
",Vitamin A,Folic acid,Vitamin C,Vitamin D,D,nutrition_test,206
"Are most developing-country far*mers engaged in subsistence or commercial production?
",Almost all are subsistence farmers.,"Very few engage in subsistence production, instead selling almost all of their produce on the market.",Virtually all small-scale producers are engage in some self-provisioning and market sales.,37% engage in pure subsistence production.,C,nutrition_test,207
"Alcohol is a major risk factor for cancer developmen}t. Which alcohol metabolite plays a prominent role in cancer development?
",fatty acid ethyl esters (FAEE),acetate,acetaldehyde,alcohol,C,nutrition_test,208
"Why might some biochemical (eg plasma or serum) indice{s of micronutrient status give misleading results in people with infections or inflammatory states?
","Because people who are sick often alter their diets, and may eat less food.",Because the accuracy of some laboratory assays may be compromised in samples from people who are sick.,"Because some metabolic pathways are altered in sick people, which changes their micronutrient requirements.",Because an acute phase reaction results in changes in inter-tissue distributions of certain micronutrients.,D,nutrition_test,209
"The test for che{cking mean plasma glucose concentration over the previous 8-10 weeks is:
",Hemoglobin A1c,Oral glucose tolerance test (OGTT),Fructosamine test,Fasting plasma glucose concentration,A,nutrition_test,210
"On an average daily basis, the gross energy intake of a healthy woman is 9279 kJ, the energy content of her faeces and urine are 647 kJ and 318 kJ, respectively. Her average daily digestible energy intake and metabolisable energy intake would be, resp#ectively,:
",647 kJ and 318 kJ,9279-318 kJ and 9279-647 kJ,9279+318 kJ and 9279+647 kJ,9279-647 kJ and 9279-(647+318) kJ,D,nutrition_test,211
Which part of the brain was thought to play the most important role in the Can{non-Bard theory of emotion?,thalamus,hippocampus,medulla,association areas,A,high_school_psychology_test,217
Learned helplessness is most likely to be direct#ly related to,the Barnum effect.,self-serving bias.,an external locus of control.,unconditional positive regard.,C,high_school_psychology_test,218
"While visiting a museum, you study a statue by walking around it and examining it from many different *places in the room. The retinal images of the statue change, but you do not perceive these changes because of",convergence,motion parallax,perceptual constancy,interpositioning,C,high_school_psychology_test,219
Dr. Bonneau helped a company redesign its offices to raise morale and the productivity of the employees. With which of the following subfields of psychology is Dr. Bon#neau most likely affiliated?,counseling,educational,industrial/organizational,developmental,C,high_school_psychology_test,220
Detection of a just-noticeable diffe`rence (JND) depends on the,"presence of a ""no stimulus"" control and the sensitivity of the signal-detection equipment",initial determination of the absolute threshold and the variation of the difference threshold,frequency of the existing stimulus and the presence of one or more sensory modalities,intensity of the new stimulus and that of the stimulus already present,D,high_school_psychology_test,221
Which of the following perspecti{ves is most concerned with self-esteem and actualizing one's potential?,humanistic,behavioral,cognitive,psychodynamic,A,high_school_psychology_test,222
The most common somatic nervous system neurotransmitter\ to cause muscle contractions is,acetylcholine,dopamine,endorphins,epinephrine,A,high_school_psychology_test,225
Perception refers to #the process by which,receptors gather information from the environment,sense organs transmit information to the brain for initial processing,the brain organizes and interprets sensations,the brain minimizes responses to stimuli that do not change,C,high_school_psychology_test,226
 This is a marketin@g communications activity concerned with providing support for the sales force and merchandising personnel:,Store marketing.,Field marketing.,Sales promotions.,Personal selling.,B,marketing_test,228
 What type of media has th{e primary objective to get the attention of shoppers and to stimulate them to make a purchase? (Examples include point-of-purchase displays and packaging.),Broadcast media.,Interactive media.,In-store media.,Support media.,C,marketing_test,229
" It has been claimed that the three major outcomes from the development of relationship trust are satisfacti{on, ___________, and continuity (Pavlou, 2002).",Reduced perceived risk.,Service recovery.,Service processes.,Efficiency.,A,marketing_test,230
"Once the agency has discussed the brief with the client, the agency provides a detailed outline of how they intend to investi{gate the problem. This document is called the ____________:",Research brief.,Research proposal.,Research question.,Research programme.,B,marketing_test,231
Which of the following types of tests is` designed primarily to help predict how successful a person is likely to be in learning new skills?,Achievement,Aptitude,Interest,Personality,B,marketing_test,232
"In a pa#tient with a normal healthy mouth, you would expect the mucosa covering the alveolar process supporting the mandibular teeth to be",light pink in colour on both sides of the mucogingigival junction.,light pink below the mucogingival junction and red above it.,red below the mucogingival junction and light pink above it.,red on both sides of the mucogingival junction.,C,anatomy_test,233
Which of the following cavities are separ`ated by the diaphragm?,Abdominal and pelvic,Cranial and spinal,Thoracic and abdominal,Pericardial and pleural,C,anatomy_test,234
A patient} suffers a CVA in the area of the left internal capsule conveying motor neurons to the right leg. The patient's leg will exhibit,spastic paralysis.,flaccid paralysis.,tremor.,hyporeflexia.,A,anatomy_test,235
Which of the following terms refers to Archaic Greek statues whose poses‚Äîrigidly frontal wit#h clenched fists‚Äîrecall the stance of ancient Egyptian statues?,Caryatids,Telamones,Discoboloi,Kouroi,D,miscellaneous_test,236
Animals in which of the following groups may# have a backbone and a spinal cord?,Mollusks,Chordates,Invertebrates,Echinoderms,B,miscellaneous_test,237
How many` airplanes are in the air worldwide right now (as of 2014)?,5000,20000,80000,320000,B,miscellaneous_test,238
Which of th*ese painting tools has bristles on it?,Easel,Knife,Brush,Palette,C,miscellaneous_test,240
Which of the following is an example of a concurrent powe@r?,The printing and coining of money,The power to declare war,The process of naturalization,The levying of taxes,D,miscellaneous_test,241
The process of drilling holes in the skull is called #what?,bifurcation,trepanation,aeronomy,skullduggery,B,miscellaneous_test,242
Cheese }is a necessary ingredient in which of these dishes?,sushi,french fries,veal parmigiano,chicken pot pie,C,miscellaneous_test,243
Which of the #following words does not appear in the Lewis Carroll poem 'Jabberwocky'?,brillig,bandersnatch,wabe,grelp,D,miscellaneous_test,244
Elephant t*usks are made of what material?,Coral,Ivory,Bone,Calcium,B,miscellaneous_test,245
What country does Bordeaux wine c@ome from?,France,Spain,Australia,United States,A,miscellaneous_test,246
In which layer of Earth is t#he geomagnetic field generated?,Outer core,Crust,Mantle,Inner core,A,miscellaneous_test,248
The 'Arkansas toothpick' is better known by what nam`e?,Scottie Pippen,spare rib,pinkie finger,Bowie knife,D,miscellaneous_test,249
What company ma{kes Oreo cookies?,General Mills,Nabisco,Keebler,Kraft,B,miscellaneous_test,250
How ma`ny moles of HCl must be added to sufficient water to form 3 liters of a 2 M HCI solution?,1 mol,2 mol,3 mol,6 mol,D,miscellaneous_test,251
Butler & Stokes (1969) suggested that worki`ng class support for the Labour Party arose from:,socialization into working class families and communities,rational calculation of self-interest,issue-based concerns about culture and lifestyle,false consciousness and the acceptance of hegemonic values,A,sociology_test,252
Scott (1991) introduced the term 'power elite' to describ@e:,"the ruling class, or bourgeoisie, who exploit the proletariat",a capitalist class dependent on property ownership and advantaged life chances,an alignment of classes with shared interests but no state power,a state elite whose members are drawn overwhelmingly from a power bloc,D,sociology_test,253
Mar`x said that the development of the labour movement through factory-based production would turn the working class into:,a class in itself,a class by itself,a class for itself,a ruling class,C,sociology_test,254
Mulholland (1998) argued that privatization changed the relationship bet`ween companies and managers in that:,flexibility was reduced by the introduction of detailed daily worksheets,the state had greater control than managers over production processes,ownership was transferred from small shareholders to senior managers,employment depended on performance rather than trust and commitment,D,sociology_test,255
"A 42-year-old woman is brought to the emergency department 10 minutes after being involved in a high-speed motor vehicle collision in which she was a restrained passenger. On arrival, she has shortness of breath and abdominal pain. Her pulse is 135/min, respirations are 30/min, and blood pressure is 80/40 mm Hg. Breath sounds are decreased at the left lung base. An x-ray of the chest shows opacification of the left lower lung field with loss of the diaph#ragmatic shadow. Placement of a chest tube yields a small amount of air followed by greenish fluid. Which of the following is the most appropriate next step in management?",CT scan of the abdomen,CT scan of the chest,Thoracoscopy,Laparotomy,D,professional_medicine_test,256
"A 30-year-old nulliparous female presents to the office with the complaint of mood changes. She says that for the past several months she has been anxious, hyperactive, and unable to sleep 3 to 4 days prior to the onset of menses. She further reports that on the day her menses begins she becomes acutely depressed, anorectic, irritable, and lethargic. She has no psychiatric history. Physical examination findings are normal. She {and her husband have been trying to conceive for over 2 years. History reveals a tuboplasty approximately 1 year ago to correct a closed fallopian tube. The most likely diagnosis is",adjustment disorder with depressed mood,"bipolar I disorder, mixed",cyclothymic personality,generalized anxiety disorder,A,professional_medicine_test,258
Which of the f*ollowing statements is correct?,Economic Profits = Accounting Profits.,Economic Costs = Explicit Costs plus Implicit Costs.,Economic Costs = Explicit Costs minus Implicit Costs.,Opportunity Costs = Economic Profits.,B,high_school_microeconomics_test,262
Relatively free or easy entry (low or nonexistent barriers to entry) is best ma*tched by which of the following?,"More consumer choices, greater price elasticity of demand, more competitors.","More consumer choices, lower price elasticity of demand, more competitors.","More consumer choices, greater price elasticity of demand, fewer competitors.","Fewer consumer choices, lower price elasticity of demand, fewer competitors.",A,high_school_microeconomics_test,263
"If Matt's total utility from consuming bratwurst increased at a constant rate, no matter how many bratwurst Matt consumed, what would Matt's demand curve }for bratwurst look like?",Vertical,Horizontal,Downward sloping,Upward sloping,B,high_school_microeconomics_test,264
"If the government wishes to regulate a natural monopo{ly so that it produces an allocatively efficient level of output, it would be at an output",where price is equal to average total cost.,where marginal revenue equals marginal cost.,where normal profits are made.,where price is equal to marginal cost.,D,high_school_microeconomics_test,265
What are self-executing@ treaties?,Self-executing treaties are adopted only by the executive,Self-executive treaties are clear and precise enough so as not to require any further implementing measures,Self-executing rely on implementing measures stipulated in the treaty Itself,Self-executing treaties follow the doctrine of transformation,B,international_law_test,266
What is an{ act jure gestionis?,Acts jure gestionis are those undertaken by States in a private capacity,All purchases by the State are acts jure gestionis,All acts undertaken by State corporations are jure gestionis,All conduct undertaken by government officials in their free time is considered jus gestionis.,A,international_law_test,267
"#Which of the following propositions is an immediate (one-step) consequence in PL of the given premises?
(A ∨ B) ⊃ (C ∨ D)
A ∨ B
~C",~A ∨ ~B,~~C,C ∨ D,(A ∨ B) ⊃ D,C,formal_logic_test,268
Select the best trans*lation into predicate logic: Leroy is bad only if DJ Khaled shouts his name.,Sk ≡ Bl,Bl ≡ Sk,Bx ⊃ Sy,Bl ⊃ Sk,D,formal_logic_test,269
"Use the following key to translate the given formula of PL to natural, English sentences.
A: Marina reads a Percy Jackson book.
B: Izzy pla{ys Minecraft.
C: Emily stops working.
D: Russell makes dinner.
E: Ashleigh stops by.
~C ∨ D",If Emily doesn't stop working then Russell makes dinner.,Emily stops working unless Russell makes dinner.,Emily stops working unless Russell doesn't make dinner.,Emily doesn't stop working unless Russell makes dinner.,D,formal_logic_test,270
"A sequence of three real numbers forms an arithmetic progression with a first term of 9. If 2 is added to the second term and 20 is added to the third term, the three resulting numbers form a geometric progress@ion. What is the smallest possible value for the third term of the geometric progression?",2,1,9,16,B,high_school_mathematics_test,271
"A person walked 3 miles to the east, then turned north and walked 10 miles, then turned west and walked 6 miles, and finally turned south and walked 16 miles. Approximately how far is the person from his st#arting point in miles?",3.4,6.7,9.2,12.8,B,high_school_mathematics_test,272
In how many ways can 5 students be selected from a group of 6 stu{dents?,12,3,5,6,D,high_school_mathematics_test,273
An investment of $4000 grows at the rate of 320*e^(0.08t) dollars* per year after t years. Its value after 10 years is approximately,"$4,902","$8,902","$7,122","$12,902",B,high_school_mathematics_test,274
How many t}hree-digit positive integers are there?,899,900,1000,999,B,high_school_mathematics_test,275
Appeal to compass\ion is,an appeal to emotion that argues against a position based only on negative personal feelings toward the position,an appeal to emotion that argues a conclusion should be made based only on feeling sorry for someone,an appeal to emotion that argues an action should be taken based only on the need to be loyal to someone,arguing that an idea should be accepted based only on who originated the idea,B,logical_fallacies_test,276
Automatically rejecting a c*laim just because it's traditional is...,Not reasonable,An appeal to tradition,An appeal to the masses,Reasonable,A,logical_fallacies_test,277
The `_ad nauseam_ fallacy is,arguing that something should be done because that's the way it's been done in the past.,"arguing that an act should be carried out because it will not have any significant consequences, when there is no evidence of the effects",reasoning that a conclusion is true because it's been claimed so often,reasoning that a claim is true because so many people believe it is true,C,logical_fallacies_test,278
